model,epoch,observed_epoch_wall_seconds,utc
audio,1,66.223,2026-10-08T10:56:47.493150+00:00
audio,2,67.644,2026-10-08T10:57:57.939213+00:00
audio,3,65.781,2026-10-08T10:59:07.899602+00:00
audio,4,69.298,2026-10-08T11:00:20.079421+00:00
audio,5,64.717,2026-10-08T11:01:27.655445+00:00
audio,6,63.611,2026-10-08T11:02:34.089651+00:00
audio,7,64.493,2026-10-08T11:03:41.459006+00:00
audio,8,65.159,2026-10-08T11:04:49.559837+00:00
audio,9,65.373,2026-10-08T11:05:57.973752+00:00
audio,10,77.446,2026-10-08T11:07:18.276842+00:00
audio,11,65.793,2026-10-08T11:08:27.295611+00:00
audio,12,78.294,2026-10-08T11:09:49.515172+00:00
audio,13,63.939,2026-10-08T11:10:54.914551+00:00
audio,14,69.119,2026-10-08T11:12:08.339632+00:00
audio,15,71.62,2026-10-08T11:13:23.061432+00:00
audio,16,63.953,2026-10-08T11:14:29.746739+00:00
audio,17,63.797,2026-10-08T11:15:36.432000+00:00
audio,18,78.449,2026-10-08T11:16:57.853624+00:00
audio,19,64.16,2026-10-08T11:18:04.965459+00:00
audio,20,63.835,2026-10-08T11:19:11.716883+00:00
video,1,77.287,2026-10-08T11:20:49.245541+00:00
video,2,64.91,2026-10-08T11:21:57.170451+00:00
video,3,62.168,2026-10-08T11:23:02.361144+00:00
video,4,61.968,2026-10-08T11:24:07.343479+00:00
video,5,61.633,2026-10-08T11:25:11.956765+00:00
video,6,60.815,2026-10-08T11:26:15.653284+00:00
video,7,60.982,2026-10-08T11:27:19.310348+00:00
video,8,61.239,2026-10-08T11:28:22.943673+00:00
video,9,61.502,2026-10-08T11:29:25.343116+00:00
video,10,62.793,2026-10-08T11:30:28.993334+00:00
video,11,63.739,2026-10-08T11:31:33.550838+00:00
video,12,61.16,2026-10-08T11:32:36.723732+00:00
video,13,61.603,2026-10-08T11:33:40.005112+00:00
video,14,61.58,2026-10-08T11:34:43.461177+00:00
video,15,61.464,2026-10-08T11:35:46.177637+00:00
video,16,61.591,2026-10-08T11:36:49.706341+00:00
video,17,61.615,2026-10-08T11:37:53.375791+00:00
video,18,61.7,2026-10-08T11:38:57.234092+00:00
video,19,61.479,2026-10-08T11:40:00.898132+00:00
video,20,61.101,2026-10-08T11:41:04.489248+00:00
gated,1,63.397,2026-10-08T11:42:27.808797+00:00
gated,2,61.847,2026-10-08T11:43:32.310590+00:00
gated,3,60.934,2026-10-08T11:44:35.947586+00:00
gated,4,61.231,2026-10-08T11:45:39.883819+00:00
gated,5,61.791,2026-10-08T11:46:44.040942+00:00
gated,6,62.318,2026-10-08T11:47:48.158973+00:00
gated,7,62.554,2026-10-08T11:48:53.129074+00:00
gated,8,62.739,2026-10-08T11:49:58.279290+00:00
gated,9,62.807,2026-10-08T11:51:03.542271+00:00
gated,10,62.807,2026-10-08T11:52:07.566977+00:00
gated,11,62.83,2026-10-08T11:53:13.342949+00:00
gated,12,62.509,2026-10-08T11:54:18.594104+00:00
gated,13,62.984,2026-10-08T11:55:24.009339+00:00
gated,14,62.748,2026-10-08T11:56:29.255370+00:00
gated,15,62.674,2026-10-08T11:57:34.449561+00:00
gated,16,62.781,2026-10-08T11:58:39.872903+00:00
gated,17,62.882,2026-10-08T11:59:45.290299+00:00
gated,18,62.816,2026-10-08T12:00:50.709635+00:00
gated,19,62.974,2026-10-08T12:01:56.385105+00:00
gated,20,62.706,2026-10-08T12:03:01.806025+00:00
gated,21,63.227,2026-10-08T12:04:07.901001+00:00
gated,22,63.848,2026-10-08T12:05:13.254546+00:00
gated,23,63.914,2026-10-08T12:06:19.270083+00:00
gated,24,63.543,2026-10-08T12:07:24.926594+00:00
gated,25,63.524,2026-10-08T12:08:30.658157+00:00
gated,26,63.897,2026-10-08T12:09:36.626780+00:00
chumachenko_ia,1,63.997,2026-10-08T12:11:11.817912+00:00
chumachenko_ia,2,61.866,2026-10-08T12:12:15.854879+00:00
chumachenko_ia,3,62.627,2026-10-08T12:13:20.450052+00:00
chumachenko_ia,4,62.244,2026-10-08T12:14:24.673923+00:00
chumachenko_ia,5,61.949,2026-10-08T12:15:28.623233+00:00
chumachenko_ia,6,62.658,2026-10-08T12:16:33.361278+00:00
chumachenko_ia,7,62.729,2026-10-08T12:17:38.133283+00:00
chumachenko_ia,8,62.764,2026-10-08T12:18:42.979307+00:00
chumachenko_ia,9,63.227,2026-10-08T12:19:47.989832+00:00
chumachenko_ia,10,62.538,2026-10-08T12:20:53.182792+00:00
chumachenko_ia,11,62.984,2026-10-08T12:21:58.391181+00:00
chumachenko_ia,12,62.596,2026-10-08T12:23:02.366065+00:00
chumachenko_ia,13,62.473,2026-10-08T12:24:07.413405+00:00
chumachenko_ia,14,64.649,2026-10-08T12:25:13.389646+00:00
chumachenko_ia,15,64.171,2026-10-08T12:26:18.915591+00:00
chumachenko_ia,16,64.697,2026-10-08T12:27:25.480337+00:00
chumachenko_ia,17,64.447,2026-10-08T12:28:30.753357+00:00
chumachenko_ia,18,64.058,2026-10-08T12:29:36.596449+00:00
chumachenko_ia,19,63.833,2026-10-08T12:30:42.484276+00:00
chumachenko_ia,20,64.306,2026-10-08T12:31:48.588241+00:00
chumachenko_ia,21,64.012,2026-10-08T12:32:54.325389+00:00
chumachenko_ia,22,63.592,2026-10-08T12:33:59.816254+00:00
chumachenko_ia,23,64.392,2026-10-08T12:35:06.375773+00:00
chumachenko_ia,24,64.041,2026-10-08T12:36:12.509865+00:00
chumachenko_ia,25,63.948,2026-10-08T12:37:18.654059+00:00
chumachenko_ia,26,64.247,2026-10-08T12:38:25.067660+00:00
chumachenko_ia,27,64.501,2026-10-08T12:39:30.877756+00:00
chumachenko_ia,28,65.157,2026-10-08T12:40:38.057669+00:00
chumachenko_ia,29,64.541,2026-10-08T12:41:44.494056+00:00
chumachenko_ia,30,64.548,2026-10-08T12:42:51.064623+00:00
xattn,1,64.939,2026-10-08T12:44:29.942872+00:00
xattn,2,63.476,2026-10-08T12:45:35.469724+00:00
xattn,3,62.807,2026-10-08T12:46:39.199175+00:00
xattn,4,62.553,2026-10-08T12:47:43.572040+00:00
xattn,5,62.968,2026-10-08T12:48:48.304402+00:00
xattn,6,63.241,2026-10-08T12:49:53.285730+00:00
xattn,7,63.38,2026-10-08T12:50:57.626164+00:00
xattn,8,63.922,2026-10-08T12:52:03.346288+00:00
xattn,9,63.276,2026-10-08T12:53:08.223645+00:00
xattn,10,63.558,2026-10-08T12:54:13.358699+00:00
xattn,11,63.751,2026-10-08T12:55:18.837277+00:00
xattn,12,63.798,2026-10-08T12:56:23.844595+00:00
xattn,13,64.27,2026-10-08T12:57:29.805607+00:00
xattn,14,64.879,2026-10-08T12:58:36.870269+00:00
xattn,15,64.159,2026-10-08T12:59:42.836490+00:00
xattn,16,63.95,2026-10-08T13:00:48.702360+00:00
xattn,17,64.809,2026-10-08T13:01:54.664484+00:00
xattn,18,64.42,2026-10-08T13:03:01.230205+00:00
xattn,19,64.74,2026-10-08T13:04:07.854051+00:00
xattn,20,63.763,2026-10-08T13:05:13.734899+00:00
xattn,21,64.334,2026-10-08T13:06:20.189280+00:00
xattn,22,64.147,2026-10-08T13:07:26.364118+00:00
xattn,23,63.973,2026-10-08T13:08:32.727087+00:00
xattn,24,63.749,2026-10-08T13:09:38.742868+00:00
xattn,25,63.97,2026-10-08T13:10:45.152450+00:00
xattn,26,63.874,2026-10-08T13:11:51.444231+00:00
xattn,27,63.686,2026-10-08T13:12:56.477002+00:00
xattn,28,64.047,2026-10-08T13:14:03.360544+00:00
xattn,29,64.161,2026-10-08T13:15:09.828203+00:00
xattn,30,63.86,2026-10-08T13:16:16.152917+00:00
xattn,31,64.966,2026-10-08T13:17:23.603472+00:00
xattn,32,63.304,2026-10-08T13:18:28.225590+00:00
xattn,33,67.351,2026-10-08T13:19:36.414013+00:00
xattn,34,65.26,2026-10-08T13:20:42.489440+00:00
xattn,35,64.553,2026-10-08T13:21:48.877166+00:00
