fold,model,epoch,observed_epoch_wall_seconds,utc
2,gated,1,58.185,2026-10-09T04:49:56.759005+00:00
2,gated,2,57.062,2026-10-09T04:50:57.665881+00:00
2,gated,3,58.03,2026-10-09T04:51:58.905747+00:00
2,gated,4,57.12,2026-10-09T04:52:59.239952+00:00
2,gated,5,59.656,2026-10-09T04:54:00.502084+00:00
2,gated,6,61.372,2026-10-09T04:55:05.112344+00:00
2,gated,7,60.933,2026-10-09T04:56:09.443557+00:00
2,gated,8,61.278,2026-10-09T04:57:14.124480+00:00
2,gated,9,66.395,2026-10-09T04:58:23.907989+00:00
2,gated,10,61.098,2026-10-09T04:59:28.385539+00:00
2,gated,11,60.877,2026-10-09T05:00:32.800168+00:00
2,gated,12,61.255,2026-10-09T05:01:37.474247+00:00
2,gated,13,61.128,2026-10-09T05:02:42.019313+00:00
2,gated,14,64.533,2026-10-09T05:03:50.460475+00:00
2,gated,15,63.082,2026-10-09T05:04:57.501596+00:00
2,gated,16,62.418,2026-10-09T05:06:04.043371+00:00
2,gated,17,61.424,2026-10-09T05:07:09.177624+00:00
2,gated,18,61.309,2026-10-09T05:08:12.379446+00:00
2,gated,19,61.931,2026-10-09T05:09:18.125390+00:00
2,gated,20,61.546,2026-10-09T05:10:23.490444+00:00
2,gated,21,60.766,2026-10-09T05:11:28.079879+00:00
2,gated,22,61.255,2026-10-09T05:12:33.159427+00:00
2,gated,23,61.203,2026-10-09T05:13:38.305611+00:00
2,gated,24,60.801,2026-10-09T05:14:42.943889+00:00
2,gated,25,60.864,2026-10-09T05:15:47.558446+00:00
2,gated,26,60.968,2026-10-09T05:16:52.397493+00:00
2,gated,27,60.72,2026-10-09T05:17:55.005815+00:00
2,gated,28,60.59,2026-10-09T05:18:59.446127+00:00
2,gated,29,60.988,2026-10-09T05:20:04.771943+00:00
2,gated,30,60.738,2026-10-09T05:21:09.312858+00:00
3,audio,1,63.212,2026-10-09T05:22:35.296436+00:00
3,audio,2,61.542,2026-10-09T05:23:40.615731+00:00
3,audio,3,60.92,2026-10-09T05:24:45.354651+00:00
3,audio,4,60.486,2026-10-09T05:25:49.995497+00:00
3,audio,5,60.356,2026-10-09T05:26:54.513484+00:00
3,audio,6,60.623,2026-10-09T05:27:59.019712+00:00
3,audio,7,60.726,2026-10-09T05:29:01.657144+00:00
3,audio,8,60.537,2026-10-09T05:30:05.974377+00:00
3,audio,9,60.825,2026-10-09T05:31:10.810335+00:00
3,audio,10,60.476,2026-10-09T05:32:15.040065+00:00
3,audio,11,60.436,2026-10-09T05:33:19.236775+00:00
3,audio,12,60.801,2026-10-09T05:34:23.791761+00:00
3,audio,13,60.607,2026-10-09T05:35:28.161905+00:00
3,audio,14,60.887,2026-10-09T05:36:32.760900+00:00
3,audio,15,60.639,2026-10-09T05:37:37.365609+00:00
3,audio,16,60.906,2026-10-09T05:38:40.020817+00:00
3,audio,17,61.044,2026-10-09T05:39:44.866703+00:00
3,audio,18,60.92,2026-10-09T05:40:49.589777+00:00
3,audio,19,61.299,2026-10-09T05:41:54.692059+00:00
3,audio,20,60.632,2026-10-09T05:42:59.061509+00:00
3,video,1,62.142,2026-10-09T05:44:19.847553+00:00
3,video,2,59.436,2026-10-09T05:45:22.278213+00:00
3,video,3,58.856,2026-10-09T05:46:24.110168+00:00
3,video,4,58.889,2026-10-09T05:47:24.462391+00:00
3,video,5,58.304,2026-10-09T05:48:25.781143+00:00
3,video,6,58.512,2026-10-09T05:49:27.054148+00:00
3,video,7,59.913,2026-10-09T05:50:28.916443+00:00
3,video,8,58.345,2026-10-09T05:51:29.985428+00:00
3,video,9,58.567,2026-10-09T05:52:29.791291+00:00
3,video,10,58.367,2026-10-09T05:53:30.884093+00:00
3,video,11,58.807,2026-10-09T05:54:32.493895+00:00
3,video,12,58.485,2026-10-09T05:55:34.224749+00:00
3,video,13,58.415,2026-10-09T05:56:35.441401+00:00
3,video,14,58.186,2026-10-09T05:57:36.612426+00:00
3,video,15,58.957,2026-10-09T05:58:37.071800+00:00
3,video,16,58.623,2026-10-09T05:59:38.680149+00:00
3,video,17,58.338,2026-10-09T06:00:40.040084+00:00
3,video,18,58.912,2026-10-09T06:01:42.300070+00:00
3,video,19,58.676,2026-10-09T06:02:44.588698+00:00
3,video,20,57.858,2026-10-09T06:03:44.402094+00:00
3,gated,1,60.723,2026-10-09T06:05:08.383851+00:00
3,gated,2,59.841,2026-10-09T06:06:11.998288+00:00
3,gated,3,58.464,2026-10-09T06:07:12.363013+00:00
3,gated,4,59.466,2026-10-09T06:08:15.205855+00:00
3,gated,5,58.914,2026-10-09T06:09:17.584701+00:00
3,gated,6,59.727,2026-10-09T06:10:20.798248+00:00
3,gated,7,60.202,2026-10-09T06:11:24.476549+00:00
3,gated,8,60.017,2026-10-09T06:12:27.927661+00:00
3,gated,9,60.515,2026-10-09T06:13:31.716626+00:00
3,gated,10,62.253,2026-10-09T06:14:37.842708+00:00
3,gated,11,65.821,2026-10-09T06:15:47.225230+00:00
3,gated,12,64.645,2026-10-09T06:16:55.386182+00:00
3,gated,13,64.769,2026-10-09T06:18:03.795396+00:00
3,gated,14,65.002,2026-10-09T06:19:12.420947+00:00
3,gated,15,65.302,2026-10-09T06:20:19.546304+00:00
3,gated,16,64.867,2026-10-09T06:21:28.210673+00:00
3,gated,17,64.507,2026-10-09T06:22:36.135080+00:00
3,gated,18,63.685,2026-10-09T06:23:43.259590+00:00
3,gated,19,62.677,2026-10-09T06:24:49.234692+00:00
3,gated,20,62.743,2026-10-09T06:25:54.829726+00:00
3,gated,21,63.415,2026-10-09T06:27:01.221721+00:00
3,gated,22,63.236,2026-10-09T06:28:06.730771+00:00
3,gated,23,62.76,2026-10-09T06:29:12.144432+00:00
3,gated,24,63.005,2026-10-09T06:30:17.797701+00:00
3,gated,25,62.685,2026-10-09T06:31:23.114730+00:00
3,gated,26,63.545,2026-10-09T06:32:29.341135+00:00
3,gated,27,62.769,2026-10-09T06:33:34.790458+00:00
3,gated,28,62.743,2026-10-09T06:34:40.494274+00:00
3,gated,29,64.827,2026-10-09T06:35:48.129376+00:00
3,gated,30,63.42,2026-10-09T06:36:54.875340+00:00
4,audio,1,64.868,2026-10-09T06:38:20.094765+00:00
4,audio,2,62.984,2026-10-09T06:39:26.407217+00:00
4,audio,3,62.774,2026-10-09T06:40:32.591627+00:00
4,audio,4,62.659,2026-10-09T06:41:39.167648+00:00
4,audio,5,62.917,2026-10-09T06:42:45.910978+00:00
4,audio,6,63.235,2026-10-09T06:43:52.962823+00:00
4,audio,7,66.578,2026-10-09T06:45:03.397974+00:00
4,audio,8,63.76,2026-10-09T06:46:10.472391+00:00
4,audio,9,63.011,2026-10-09T06:47:16.858509+00:00
4,audio,10,65.485,2026-10-09T06:48:25.798769+00:00
4,audio,11,65.995,2026-10-09T06:49:35.148522+00:00
4,audio,12,65.059,2026-10-09T06:50:43.611463+00:00
4,audio,13,63.091,2026-10-09T06:51:49.997419+00:00
4,audio,14,63.352,2026-10-09T06:52:57.062524+00:00
4,audio,15,62.512,2026-10-09T06:54:03.131694+00:00
4,audio,16,65.036,2026-10-09T06:55:11.815949+00:00
4,audio,17,64.457,2026-10-09T06:56:20.012102+00:00
4,audio,18,61.97,2026-10-09T06:57:26.186900+00:00
4,audio,19,60.291,2026-10-09T06:58:30.758117+00:00
4,audio,20,60.644,2026-10-09T06:59:33.511143+00:00
4,video,1,61.81,2026-10-09T07:00:55.841146+00:00
4,video,2,59.358,2026-10-09T07:01:58.918528+00:00
4,video,3,59.235,2026-10-09T07:03:02.026014+00:00
4,video,4,59.223,2026-10-09T07:04:03.185473+00:00
4,video,5,58.915,2026-10-09T07:05:05.973199+00:00
4,video,6,58.992,2026-10-09T07:06:08.813792+00:00
4,video,7,58.931,2026-10-09T07:07:11.433418+00:00
4,video,8,58.46,2026-10-09T07:08:13.524226+00:00
4,video,9,57.912,2026-10-09T07:09:13.516166+00:00
4,video,10,58.567,2026-10-09T07:10:15.868317+00:00
4,video,11,58.299,2026-10-09T07:11:18.100755+00:00
4,video,12,58.158,2026-10-09T07:12:20.098990+00:00
4,video,13,58.407,2026-10-09T07:13:22.453493+00:00
4,video,14,58.181,2026-10-09T07:14:22.606095+00:00
4,video,15,58.027,2026-10-09T07:15:24.498626+00:00
4,video,16,58.021,2026-10-09T07:16:26.416697+00:00
4,video,17,58.196,2026-10-09T07:17:28.771324+00:00
4,video,18,58.195,2026-10-09T07:18:31.091709+00:00
4,video,19,57.811,2026-10-09T07:19:30.942735+00:00
4,video,20,57.984,2026-10-09T07:20:33.005948+00:00
4,gated,1,59.795,2026-10-09T07:22:01.289952+00:00
4,gated,2,58.652,2026-10-09T07:23:01.860345+00:00
4,gated,3,58.949,2026-10-09T07:24:05.552675+00:00
4,gated,4,58.595,2026-10-09T07:25:08.325077+00:00
4,gated,5,58.628,2026-10-09T07:26:11.119580+00:00
4,gated,6,59.761,2026-10-09T07:27:15.024504+00:00
4,gated,7,60.25,2026-10-09T07:28:19.459836+00:00
4,gated,8,60.753,2026-10-09T07:29:24.338476+00:00
4,gated,9,60.871,2026-10-09T07:30:27.272895+00:00
4,gated,10,60.736,2026-10-09T07:31:32.193587+00:00
4,gated,11,60.802,2026-10-09T07:32:37.227723+00:00
4,gated,12,60.59,2026-10-09T07:33:41.856814+00:00
4,gated,13,61.946,2026-10-09T07:34:47.665428+00:00
4,gated,14,62.235,2026-10-09T07:35:51.887408+00:00
4,gated,15,60.955,2026-10-09T07:36:56.396798+00:00
4,gated,16,61.051,2026-10-09T07:38:01.256898+00:00
4,gated,17,60.826,2026-10-09T07:39:05.968735+00:00
4,gated,18,61.201,2026-10-09T07:40:11.043503+00:00
4,gated,19,61.902,2026-10-09T07:41:14.874145+00:00
4,gated,20,62.513,2026-10-09T07:42:21.321810+00:00
4,gated,21,62.693,2026-10-09T07:43:27.985229+00:00
4,gated,22,62.991,2026-10-09T07:44:35.622022+00:00
4,gated,23,61.066,2026-10-09T07:45:40.797655+00:00
4,gated,24,61.146,2026-10-09T07:46:46.035822+00:00
4,gated,25,60.891,2026-10-09T07:47:51.051319+00:00
4,gated,26,63.051,2026-10-09T07:48:58.259512+00:00
4,gated,27,61.642,2026-10-09T07:50:04.138598+00:00
5,audio,1,63.172,2026-10-09T07:51:27.381227+00:00
5,audio,2,60.438,2026-10-09T07:52:31.926461+00:00
5,audio,3,61.104,2026-10-09T07:53:37.174522+00:00
5,audio,4,61.734,2026-10-09T07:54:42.883664+00:00
5,audio,5,61.885,2026-10-09T07:55:48.732380+00:00
5,audio,6,63.284,2026-10-09T07:56:55.994411+00:00
5,audio,7,61.675,2026-10-09T07:58:01.581260+00:00
5,audio,8,61.422,2026-10-09T07:59:06.963365+00:00
5,audio,9,61.959,2026-10-09T08:00:12.851083+00:00
5,audio,10,61.16,2026-10-09T08:01:16.129100+00:00
5,audio,11,63.446,2026-10-09T08:02:23.521787+00:00
5,audio,12,63.135,2026-10-09T08:03:30.792928+00:00
5,audio,13,61.892,2026-10-09T08:04:36.690062+00:00
5,audio,14,61.17,2026-10-09T08:05:41.953291+00:00
5,audio,15,60.498,2026-10-09T08:06:46.372630+00:00
5,audio,16,60.908,2026-10-09T08:07:51.202552+00:00
5,audio,17,60.481,2026-10-09T08:08:55.693325+00:00
5,audio,18,60.597,2026-10-09T08:10:00.526343+00:00
5,audio,19,59.988,2026-10-09T08:11:05.000309+00:00
5,audio,20,63.278,2026-10-09T08:12:12.670009+00:00
5,video,1,65.227,2026-10-09T08:13:37.905545+00:00
5,video,2,61.684,2026-10-09T08:14:43.738711+00:00
5,video,3,61.226,2026-10-09T08:15:49.171278+00:00
5,video,4,60.902,2026-10-09T08:16:54.281631+00:00
5,video,5,60.022,2026-10-09T08:17:58.511017+00:00
5,video,6,58.677,2026-10-09T08:18:59.291070+00:00
5,video,7,59.503,2026-10-09T08:20:03.210504+00:00
5,video,8,60.289,2026-10-09T08:21:07.550856+00:00
5,video,9,60.272,2026-10-09T08:22:12.043626+00:00
5,video,10,60.926,2026-10-09T08:23:17.256067+00:00
5,video,11,61.675,2026-10-09T08:24:23.158202+00:00
5,video,12,59.146,2026-10-09T08:25:26.542266+00:00
5,video,13,59.235,2026-10-09T08:26:29.802119+00:00
5,video,14,59.617,2026-10-09T08:27:31.477967+00:00
5,video,15,59.023,2026-10-09T08:28:35.006947+00:00
5,video,16,58.424,2026-10-09T08:29:37.685073+00:00
5,video,17,57.604,2026-10-09T08:30:39.454953+00:00
5,video,18,58.735,2026-10-09T08:31:42.305029+00:00
5,video,19,61.631,2026-10-09T08:32:45.986975+00:00
5,video,20,59.11,2026-10-09T08:33:49.073822+00:00
5,gated,1,66.941,2026-10-09T08:35:20.490551+00:00
5,gated,2,65.349,2026-10-09T08:36:28.632839+00:00
5,gated,3,63.252,2026-10-09T08:37:35.296854+00:00
5,gated,4,59.853,2026-10-09T08:38:39.009604+00:00
5,gated,5,59.998,2026-10-09T08:39:42.994954+00:00
5,gated,6,62.385,2026-10-09T08:40:49.238722+00:00
5,gated,7,62.482,2026-10-09T08:41:55.720455+00:00
5,gated,8,61.548,2026-10-09T08:42:59.202146+00:00
5,gated,9,62.403,2026-10-09T08:44:05.643844+00:00
5,gated,10,63.134,2026-10-09T08:45:12.809721+00:00
5,gated,11,61.679,2026-10-09T08:46:18.849965+00:00
5,gated,12,63.45,2026-10-09T08:47:26.538069+00:00
5,gated,13,62.892,2026-10-09T08:48:33.619644+00:00
5,gated,14,63.667,2026-10-09T08:49:41.419190+00:00
5,gated,15,64.058,2026-10-09T08:50:49.505864+00:00
5,gated,16,61.395,2026-10-09T08:51:55.478560+00:00
5,gated,17,60.398,2026-10-09T08:53:00.037960+00:00
5,gated,18,59.84,2026-10-09T08:54:04.086808+00:00
5,gated,19,60.1,2026-10-09T08:55:08.389864+00:00
5,gated,20,60.073,2026-10-09T08:56:10.542410+00:00
5,gated,21,59.928,2026-10-09T08:57:14.676562+00:00
5,gated,22,60.313,2026-10-09T08:58:19.214885+00:00
5,gated,23,60.108,2026-10-09T08:59:23.447329+00:00
5,gated,24,59.704,2026-10-09T09:00:27.338385+00:00
5,gated,25,60.284,2026-10-09T09:01:31.832571+00:00
5,gated,26,59.991,2026-10-09T09:02:35.867838+00:00
5,gated,27,59.893,2026-10-09T09:03:39.713592+00:00
5,gated,28,59.746,2026-10-09T09:04:41.667936+00:00
5,gated,29,59.726,2026-10-09T09:05:45.545445+00:00
5,gated,30,60.51,2026-10-09T09:06:50.867423+00:00
6,audio,1,62.074,2026-10-09T09:08:14.241075+00:00
6,audio,2,60.3,2026-10-09T09:09:18.834929+00:00
6,audio,3,60.635,2026-10-09T09:10:23.781226+00:00
6,audio,4,60.227,2026-10-09T09:11:27.845144+00:00
6,audio,5,60.474,2026-10-09T09:12:32.347387+00:00
6,audio,6,60.109,2026-10-09T09:13:34.497041+00:00
6,audio,7,60.281,2026-10-09T09:14:38.805111+00:00
6,audio,8,60.526,2026-10-09T09:15:43.377467+00:00
6,audio,9,60.118,2026-10-09T09:16:48.471063+00:00
6,audio,10,60.456,2026-10-09T09:17:51.045945+00:00
6,audio,11,60.379,2026-10-09T09:18:55.131907+00:00
6,audio,12,60.578,2026-10-09T09:19:59.789616+00:00
6,audio,13,60.236,2026-10-09T09:21:04.034494+00:00
6,audio,14,60.41,2026-10-09T09:22:08.501969+00:00
6,audio,15,60.184,2026-10-09T09:23:12.758716+00:00
6,audio,16,60.398,2026-10-09T09:24:17.175390+00:00
6,audio,17,60.273,2026-10-09T09:25:21.548471+00:00
6,audio,18,59.979,2026-10-09T09:26:23.598083+00:00
6,audio,19,60.225,2026-10-09T09:27:27.865166+00:00
6,audio,20,61.677,2026-10-09T09:28:33.734621+00:00
6,video,1,61.406,2026-10-09T09:29:51.240401+00:00
6,video,2,60.277,2026-10-09T09:30:54.624808+00:00
6,video,3,62.281,2026-10-09T09:32:00.006685+00:00
6,video,4,59.851,2026-10-09T09:33:02.775199+00:00
6,video,5,62.287,2026-10-09T09:34:07.989373+00:00
6,video,6,60.274,2026-10-09T09:35:09.819037+00:00
6,video,7,61.283,2026-10-09T09:36:14.093968+00:00
6,video,8,63.195,2026-10-09T09:37:20.589970+00:00
6,video,9,61.334,2026-10-09T09:38:24.831366+00:00
6,video,10,62.684,2026-10-09T09:39:30.449331+00:00
6,video,11,64.13,2026-10-09T09:40:37.510824+00:00
6,video,12,60.075,2026-10-09T09:41:40.520379+00:00
6,video,13,59.479,2026-10-09T09:42:42.935118+00:00
