epoch,stage,train_loss,train_accuracy,train_precision,train_recall,train_macro_f1,val_loss,val_accuracy,val_precision,val_recall,val_macro_f1,learning_rates
1,0,2.105581647157669,0.21250000596046448,0.19745003488133878,0.201171875,0.1976685595632595,2.064066445827484,0.22083333134651184,0.2709054664847348,0.2109375,0.1691531064185494,[0.000994459753267812]
2,0,1.4368690301974614,0.4385416805744171,0.41271319904123327,0.4287109375,0.4184079775940201,2.3150568385918935,0.32499998807907104,0.2572223932676519,0.3046875,0.2256677682942086,[0.0009779754323328191]
3,0,1.128336203098297,0.5895833373069763,0.5828163089251222,0.583984375,0.5816673058316995,1.7232881387074788,0.4375,0.49340048840048845,0.44140625,0.41497402776432574,[0.0009509529358847655]
4,0,0.8734615017970403,0.6947916746139526,0.6895130137931584,0.6953125,0.6911620951372389,2.0979707340399423,0.4333333373069763,0.45663044922913343,0.41015625,0.3597428415810769,[0.0009140576474687263]
5,0,0.7442195395628611,0.731249988079071,0.7303362105482115,0.7216796875,0.724056890480107,3.813010089836704,0.2708333432674408,0.5197916666666667,0.28125,0.22785364145658263,[0.0008681980515339464]
6,0,0.6394895824293295,0.765625,0.7630815306262403,0.763671875,0.7626123096736336,2.1014170313874883,0.3958333432674408,0.5532856397987977,0.421875,0.38901637205990863,[0.000814503363531613]
7,0,0.4646867774426937,0.8458333611488342,0.8407583597515147,0.84375,0.8417386671853375,2.145589147011439,0.4958333373069763,0.49215273475682975,0.46484375,0.4375792422232051,[0.000754295724882796]
8,0,0.43914015231033166,0.8385416865348816,0.8348548625261628,0.8369140625,0.8357125618094965,2.1727736552556354,0.375,0.5046125126866753,0.3828125,0.38110716081304313,[0.0006890576474687264]
9,0,0.306297507447501,0.8979166746139526,0.8933202221522201,0.8955078125,0.8939922142465088,2.088913734878103,0.5291666388511658,0.5674511516563148,0.53515625,0.5201888836536268,[0.000620395509268104]
10,0,0.29073064445207514,0.9010416865348816,0.9024136890100967,0.90234375,0.9022297007439458,1.794237530231476,0.4833333194255829,0.6121419022154316,0.46484375,0.4674411173323435,[0.00055]
11,0,0.20928316842764616,0.9385416507720947,0.9396543100996226,0.939453125,0.9394729859035595,1.9355007618665696,0.5083333253860474,0.635399005429013,0.484375,0.4875841236876609,[0.0004796044907318962]
12,0,0.11952005766021709,0.953125,0.9499724860559797,0.94921875,0.9495579463408916,1.6733835339546204,0.5249999761581421,0.641221254798841,0.5234375,0.5349786430182581,[0.0004109423525312737]
13,0,0.06247818049353858,0.9864583611488342,0.9855379467629971,0.9873046875,0.9863654428341901,1.6596840063730876,0.5541666746139526,0.6447572325209575,0.5390625,0.5480993747579261,[0.00034570427511720393]
14,0,0.07438959654731055,0.9760416746139526,0.9747767269168184,0.9765625,0.9756109071731196,1.8393036246299743,0.5333333611488342,0.5844612184093739,0.51171875,0.5122089397058296,[0.00028549663646838715]
15,0,0.05685756232899924,0.9864583611488342,0.9874567701908188,0.9853515625,0.9863149756980201,1.8772688726584117,0.5416666865348816,0.6108295077044692,0.52734375,0.5373702542862245,[0.00023180194846605365]
16,0,0.034978462212408586,0.9937499761581421,0.991410852926601,0.9931640625,0.9922398176235547,1.6900261779626211,0.5541666746139526,0.6296763314205175,0.5546875,0.5718942086299074,[0.00018594235253127368]
17,0,0.03786282445071265,0.9906250238418579,0.9912329356202316,0.9912109375,0.9912030841107644,2.0044443011283875,0.5041666626930237,0.6375733599465483,0.50390625,0.5235923125946793,[0.0001490470641152345]
18,0,0.021046466752886774,0.9989583492279053,0.999031007751938,0.9990234375,0.9990234225986114,1.6856171409289042,0.5625,0.6692363795624665,0.55859375,0.5784014313088903,[0.00012202456766718092]
19,0,0.01997472336127733,0.9979166388511658,0.998062015503876,0.998046875,0.9980468451972229,2.157042932510376,0.4958333373069763,0.6564190322666075,0.484375,0.513235395443407,[0.00010554024673218806]
20,0,0.01831314529214675,0.9989583492279053,0.999031007751938,0.9990234375,0.9990234225986114,2.1540243864059447,0.5041666626930237,0.6654677109702306,0.5,0.5353786820449606,[0.0001]
