method,fold,best_epoch,val_macro_f1,epochs_completed,early_stopping,accuracy,precision,recall,macro_f1,observed_runtime_seconds,wandb_status,metrics_path
audio,1,14,0.7632430040274916,20,False,0.7708333134651184,0.7744850137997823,0.77734375,0.7650878312756904,1372.9100113290042,finished,/home/louis/projects/MultimodalEmotionRecognition/outputs/speaker_independent_tracked_v1/fold_01/audio/metrics.json
audio,2,18,0.680184567431569,20,False,0.7583333253860474,0.7838204852740802,0.73828125,0.7412105676040335,1240.6273902889952,finished,/home/louis/projects/MultimodalEmotionRecognition/outputs/speaker_independent_tracked_v1/fold_02/audio/metrics.json
audio,3,11,0.6367445294827957,20,False,0.574999988079071,0.6526598037085325,0.5625,0.569545607900871,1235.4407498450018,finished,/home/louis/projects/MultimodalEmotionRecognition/outputs/speaker_independent_tracked_v1/fold_03/audio/metrics.json
audio,4,10,0.674221155512104,20,True,0.5333333611488342,0.6320301366250967,0.546875,0.503727648622877,1287.3982960279973,finished,/home/louis/projects/MultimodalEmotionRecognition/outputs/speaker_independent_tracked_v1/fold_04/audio/metrics.json
audio,5,10,0.7138534691252043,20,True,0.6499999761581421,0.6583870276425887,0.640625,0.6354369503282546,1251.2839961880236,finished,/home/louis/projects/MultimodalEmotionRecognition/outputs/speaker_independent_tracked_v1/fold_05/audio/metrics.json
audio,6,15,0.7693911671921766,20,False,0.6666666865348816,0.6977464100939711,0.6875,0.6595020177566469,1225.0297170620179,finished,/home/louis/projects/MultimodalEmotionRecognition/outputs/speaker_independent_tracked_v1/fold_06/audio/metrics.json
video,1,11,0.6387597096815177,20,False,0.5583333373069763,0.5196994603056895,0.5234375,0.5092491119723059,1265.766598043003,finished,/home/louis/projects/MultimodalEmotionRecognition/outputs/speaker_independent_tracked_v1/fold_01/video/metrics.json
video,2,18,0.5784014313088903,20,False,0.6416666507720947,0.6599009331469009,0.62109375,0.6276236864738721,1229.7518610719999,finished,/home/louis/projects/MultimodalEmotionRecognition/outputs/speaker_independent_tracked_v1/fold_02/video/metrics.json
video,3,11,0.5740226000401364,20,False,0.6499999761581421,0.6721014949915206,0.64453125,0.6418329612163258,1190.4770868940104,finished,/home/louis/projects/MultimodalEmotionRecognition/outputs/speaker_independent_tracked_v1/fold_03/video/metrics.json
video,4,10,0.4937164320018458,20,True,0.5249999761581421,0.5026654093736541,0.5234375,0.48106863201972094,1186.5188758659933,finished,/home/louis/projects/MultimodalEmotionRecognition/outputs/speaker_independent_tracked_v1/fold_04/video/metrics.json
video,5,11,0.48332367984964947,20,False,0.4625000059604645,0.4533808512712919,0.453125,0.4191914488883759,1217.7985493399901,finished,/home/louis/projects/MultimodalEmotionRecognition/outputs/speaker_independent_tracked_v1/fold_05/video/metrics.json
video,6,19,0.6069092894873256,20,False,0.5249999761581421,0.5813243111064789,0.51953125,0.5145026428200163,1146.223488569,finished,/home/louis/projects/MultimodalEmotionRecognition/outputs/speaker_independent_tracked_v1/fold_06/video/metrics.json
gated,1,18,0.7458160011317139,26,True,0.6625000238418579,0.7624684770276227,0.625,0.6139226172191363,1650.6310296559968,finished,/home/louis/projects/MultimodalEmotionRecognition/outputs/speaker_independent_tracked_v1/fold_01/gated/metrics.json
gated,2,22,0.7424518013862276,30,True,0.8125,0.8168590789810548,0.78515625,0.7862992358491426,1850.1756148640125,finished,/home/louis/projects/MultimodalEmotionRecognition/outputs/speaker_independent_tracked_v1/fold_02/gated/metrics.json
gated,3,25,0.7307626404116466,30,False,0.7708333134651184,0.8024233200582527,0.765625,0.7710737480024876,1894.5475556569872,finished,/home/louis/projects/MultimodalEmotionRecognition/outputs/speaker_independent_tracked_v1/fold_03/gated/metrics.json
gated,4,19,0.7129473327350393,27,True,0.6708333492279053,0.6951890197568389,0.6875,0.6601200805965506,1666.5426247139985,finished,/home/louis/projects/MultimodalEmotionRecognition/outputs/speaker_independent_tracked_v1/fold_04/gated/metrics.json
gated,5,22,0.6578317305105799,30,True,0.6708333492279053,0.7521946298750899,0.66015625,0.6655834883404256,1863.6893529689987,finished,/home/louis/projects/MultimodalEmotionRecognition/outputs/speaker_independent_tracked_v1/fold_05/gated/metrics.json
gated,6,11,0.7037168142510826,19,True,0.6291666626930237,0.7103651414066536,0.64453125,0.6232971922899108,1119.896220038,finished,/home/louis/projects/MultimodalEmotionRecognition/outputs/speaker_independent_tracked_v1/fold_06/gated/metrics.json
chumachenko_ia,1,22,0.6324551495377456,30,True,0.5416666865348816,0.562017251587472,0.5078125,0.4876031619452672,1928.8122789860063,finished,/home/louis/projects/MultimodalEmotionRecognition/outputs/speaker_independent_tracked_v1/fold_01/chumachenko_ia/metrics.json
chumachenko_ia,2,12,0.5887304708462023,20,True,0.6208333373069763,0.6604585326953748,0.6015625,0.6007040337357354,1144.8742828220002,finished,/home/louis/projects/MultimodalEmotionRecognition/outputs/speaker_independent_tracked_v1/fold_02/chumachenko_ia/metrics.json
chumachenko_ia,3,10,0.652550705467372,18,True,0.6000000238418579,0.6742144349902972,0.578125,0.5763296032278512,1030.2365827909998,finished,/home/louis/projects/MultimodalEmotionRecognition/outputs/speaker_independent_tracked_v1/fold_03/chumachenko_ia/metrics.json
chumachenko_ia,4,2,0.574043210927113,10,True,0.5583333373069763,0.5883455267558528,0.5625,0.5342714103089918,580.970098754,finished,/home/louis/projects/MultimodalEmotionRecognition/outputs/speaker_independent_tracked_v1/fold_04/chumachenko_ia/metrics.json
chumachenko_ia,5,15,0.5283414757050064,23,True,0.5333333611488342,0.5872079276668936,0.53125,0.5260551976151118,1280.1397047129994,finished,/home/louis/projects/MultimodalEmotionRecognition/outputs/speaker_independent_tracked_v1/fold_05/chumachenko_ia/metrics.json
chumachenko_ia,6,12,0.661460304155437,20,True,0.5208333134651184,0.5632822833909547,0.5390625,0.5117531417169066,1243.2829636769993,finished,/home/louis/projects/MultimodalEmotionRecognition/outputs/speaker_independent_tracked_v1/fold_06/chumachenko_ia/metrics.json
xattn,1,32,0.7761537345461057,35,False,0.7124999761581421,0.799179947516641,0.67578125,0.6696260573971436,2266.188694823999,finished,/home/louis/projects/MultimodalEmotionRecognition/outputs/speaker_independent_tracked_v1/fold_01/xattn/metrics.json
xattn,2,11,0.6832085822360419,21,True,0.7291666865348816,0.7186529185488822,0.70703125,0.7049391489391547,1211.8715667550005,finished,/home/louis/projects/MultimodalEmotionRecognition/outputs/speaker_independent_tracked_v1/fold_02/xattn/metrics.json
xattn,3,14,0.733650903237639,24,True,0.7541666626930237,0.7851445477063504,0.75,0.7498665194078411,1368.4299555590005,finished,/home/louis/projects/MultimodalEmotionRecognition/outputs/speaker_independent_tracked_v1/fold_03/xattn/metrics.json
xattn,4,31,0.7151962874211452,35,False,0.7124999761581421,0.756047436313626,0.7265625,0.7069346280917176,1984.4636409539999,finished,/home/louis/projects/MultimodalEmotionRecognition/outputs/speaker_independent_tracked_v1/fold_04/xattn/metrics.json
xattn,5,31,0.6827385680909577,35,False,0.6291666626930237,0.6579628271028536,0.625,0.6215709199862903,1981.9066750479997,finished,/home/louis/projects/MultimodalEmotionRecognition/outputs/speaker_independent_tracked_v1/fold_05/xattn/metrics.json
xattn,6,1,0.675595522666717,11,True,0.5874999761581421,0.634580305447241,0.59765625,0.5807106984098493,689.9790227109988,finished,/home/louis/projects/MultimodalEmotionRecognition/outputs/speaker_independent_tracked_v1/fold_06/xattn/metrics.json
